NODE_KEY                        ,PRODUCT_ID,TYPE_CODE,CATEGORY                                  ,DESC_GUID_NODE_KEY                ,SUPPLIER_GUID_NODE_KEY                     ,TAX_TARIF_CODE,MEASURE_UNIT,WEIGHT_MEASURE   ,WEIGHT_UNIT,CURRENCY_CODE,PRICE               ,WIDTH            ,DEPTH            ,HEIGHT           ,DIM_UNIT
74867AD200E41EDBA5D8B06B26EB4052,HT-1000   ,PR       ,Notebooks                                 ,74867AD200E41EDBA5D8B06885C7A052  ,74867AD200E41EDBA5D8B06885AB2052  ,1,EA          ,4.2,KG         ,EUR          ,956,30,18,3,CM      
74867AD200E41EDBA5D8B06B26EB6052,HT-1001   ,PR       ,Notebooks                                 ,74867AD200E41EDBA5D8B06885C7E052  ,74867AD200E41EDBA5D8B06885AB4052  ,1,EA          ,4.5,KG         ,EUR          ,"1,249.00",29,17,3.1,CM      
74867AD200E41EDBA5D8B06B26EB8052,HT-1002   ,PR       ,Notebooks                                 ,74867AD200E41EDBA5D8B06885C82052  ,74867AD200E41EDBA5D8B06885AB6052  ,1,EA          ,4.2,KG         ,USD          ,"1,570.00",28,19,2.5,CM      
74867AD200E41EDBA5D8B06B26EBA052,HT-1003   ,PR       ,Notebooks                                 ,74867AD200E41EDBA5D8B06885C86052  ,74867AD200E41EDBA5D8B06885AB8052  ,1,EA          ,4.2,KG         ,EUR          ,"1,650.00",32,21,4,CM      
74867AD200E41EDBA5D8B06B26EBC052,HT-1007   ,PR       ,PDAs & Organizers                         ,74867AD200E41EDBA5D8B06885C8A052  ,74867AD200E41EDBA5D8B06885ABA052  ,1,EA          ,0.2,KG         ,USD          ,299,32,22,3,CM      
74867AD200E41EDBA5D8B06B26EBE052,HT-1010   ,PR       ,Notebooks                                 ,74867AD200E41EDBA5D8B06885C8E052  ,74867AD200E41EDBA5D8B06885ABC052  ,1,EA          ,4.3,KG         ,EUR          ,"1,999.00",33,20,3,CM      
74867AD200E41EDBA5D8B06B26EC0052,HT-1011   ,PR       ,Notebooks                                 ,74867AD200E41EDBA5D8B06885C92052  ,74867AD200E41EDBA5D8B06885ABE052  ,1,EA          ,4.1,KG         ,JPY          ,"2,299.00",33,23,2,CM      
74867AD200E41EDBA5D8B06B26EC2052,HT-1020   ,PR       ,PDAs & Organizers                         ,74867AD200E41EDBA5D8B06885C96052  ,74867AD200E41EDBA5D8B06885AC0052  ,1,EA          ,0.16,KG         ,EUR          ,459,10,1.8,17,CM      
74867AD200E41EDBA5D8B06B26EC4052,HT-1021   ,PR       ,PDAs & Organizers                         ,74867AD200E41EDBA5D8B06885C9A052  ,74867AD200E41EDBA5D8B06885AC2052  ,1,EA          ,0.18,KG         ,MXN          ,149,11,1.7,18,CM      
74867AD200E41EDBA5D8B06B26EC6052,HT-1022   ,PR       ,PDAs & Organizers                         ,74867AD200E41EDBA5D8B06885C9E052  ,74867AD200E41EDBA5D8B06885AC4052  ,1,EA          ,0.2,KG         ,ARS          ,"1,679.00",84,1.5,14,CM      
74867AD200E41EDBA5D8B06B26EC8052,HT-1023   ,PR       ,PDAs & Organizers                         ,74867AD200E41EDBA5D8B06885CA2052  ,74867AD200E41EDBA5D8B06885AC6052  ,1,EA          ,0.8,KG         ,USD          ,512,80,1.6,13,CM      
74867AD200E41EDBA5D8B06B26ECA052,HT-1030   ,PR       ,Flat Screen Monitors                      ,74867AD200E41EDBA5D8B06885CA6052  ,74867AD200E41EDBA5D8B06885AC8052  ,1,EA          ,21,KG         ,EUR          ,230,37,12,36,CM      
74867AD200E41EDBA5D8B06B26ECC052,HT-1031   ,PR       ,Flat Screen Monitors                      ,74867AD200E41EDBA5D8B06885CAA052  ,74867AD200E41EDBA5D8B06885ACA052  ,1,EA          ,21,KG         ,GBP          ,285,40.8,19,43,CM      
74867AD200E41EDBA5D8B06B26ECE052,HT-1032   ,PR       ,Flat Screen Monitors                      ,74867AD200E41EDBA5D8B06885CAE052  ,74867AD200E41EDBA5D8B06885ACC052  ,1,EA          ,21,KG         ,EUR          ,345,40.8,19,43,CM      
74867AD200E41EDBA5D8B06B26ED0052,HT-1035   ,PR       ,Flat Screen Monitors                      ,74867AD200E41EDBA5D8B06885CB2052  ,74867AD200E41EDBA5D8B06885ACE052  ,1,EA          ,14,KG         ,USD          ,399,39,20,41,CM      
74867AD200E41EDBA5D8B06B26ED2052,HT-1036   ,PR       ,Flat Screen Monitors                      ,74867AD200E41EDBA5D8B06885CB6052  ,74867AD200E41EDBA5D8B06885AD0052  ,1,EA          ,15,KG         ,CAD          ,430,45,26,46,CM      
74867AD200E41EDBA5D8B06B26ED4052,HT-1037   ,PR       ,Flat Screen Monitors                      ,74867AD200E41EDBA5D8B06885CBA052  ,74867AD200E41EDBA5D8B06885AD2052  ,1,EA          ,17,KG         ,MXN          ,"1,230.00",54.5,22.1,39.1,CM      
74867AD200E41EDBA5D8B06B26ED6052,HT-1040   ,PR       ,Laser Printers                            ,74867AD200E41EDBA5D8B06885CBE052  ,74867AD200E41EDBA5D8B06885AD4052  ,1,EA          ,32,KG         ,EUR          ,830,51,46,30,CM      
74867AD200E41EDBA5D8B06B26ED8052,HT-1041   ,PR       ,Laser Printers                            ,74867AD200E41EDBA5D8B06885CC2052  ,74867AD200E41EDBA5D8B06885AD6052  ,1,EA          ,23,KG         ,ARS          ,490,48,42,26,CM      
74867AD200E41EDBA5D8B06B26EDA052,HT-1042   ,PR       ,Laser Printers                            ,74867AD200E41EDBA5D8B06885CC6052  ,74867AD200E41EDBA5D8B06885AD8052  ,1,EA          ,17,KG         ,EUR          ,349,53,50,65,CM      
74867AD200E41EDBA5D8B06B26EDC052,HT-1050   ,PR       ,Ink Jet Printers                          ,74867AD200E41EDBA5D8B06885CCA052  ,74867AD200E41EDBA5D8B06885ADA052  ,1,EA          ,3,KG         ,RUB          ,139,41,41,28,CM      
74867AD200E41EDBA5D8B06B26EDE052,HT-1051   ,PR       ,Ink Jet Printers                          ,74867AD200E41EDBA5D8B06885CCE052  ,74867AD200E41EDBA5D8B06885ADC052  ,1,EA          ,1.9,KG         ,USD          ,99,46,32,25,CM      
74867AD200E41EDBA5D8B06B26EE0052,HT-1052   ,PR       ,Ink Jet Printers                          ,74867AD200E41EDBA5D8B06885CD2052  ,74867AD200E41EDBA5D8B06885ADE052  ,1,EA          ,18,KG         ,EUR          ,170,41,41,28,CM      
74867AD200E41EDBA5D8B06B26EE2052,HT-1055   ,PR       ,Multifunction Printers                    ,74867AD200E41EDBA5D8B06885CD6052  ,74867AD200E41EDBA5D8B06885AE0052  ,1,EA          ,6.3,KG         ,EUR          ,99,55,45,29,CM      
74867AD200E41EDBA5D8B06B26EE4052,HT-1056   ,PR       ,Multifunction Printers                    ,74867AD200E41EDBA5D8B06885CDA052  ,74867AD200E41EDBA5D8B06885AE2052  ,1,EA          ,4.3,KG         ,JPY          ,119,51,41.3,22,CM      
74867AD200E41EDBA5D8B06B26EE6052,HT-1060   ,PR       ,Mice                                      ,74867AD200E41EDBA5D8B06885CDE052  ,74867AD200E41EDBA5D8B06885AE4052  ,1,EA          ,0.09,KG         ,EUR          ,9,6,14.5,3.5,CM      
74867AD200E41EDBA5D8B06B26EE8052,HT-1061   ,PR       ,Mice                                      ,74867AD200E41EDBA5D8B06885CE2052  ,74867AD200E41EDBA5D8B06885AE6052  ,1,EA          ,0.09,KG         ,EUR          ,7,7,15,3.1,CM      
74867AD200E41EDBA5D8B06B26EEA052,HT-1062   ,PR       ,Mice                                      ,74867AD200E41EDBA5D8B06885CE6052  ,74867AD200E41EDBA5D8B06885AE8052  ,1,EA          ,0.03,KG         ,ARS          ,11,3,7,4,CM      
74867AD200E41EDBA5D8B06B26EEC052,HT-1063   ,PR       ,Keyboards                                 ,74867AD200E41EDBA5D8B06885CEA052  ,74867AD200E41EDBA5D8B06885AEA052  ,1,EA          ,2.1,KG         ,BRL          ,14,50,21,3.5,CM      
74867AD200E41EDBA5D8B06B26EEE052,HT-1064   ,PR       ,Keyboards                                 ,74867AD200E41EDBA5D8B06885CEE052  ,74867AD200E41EDBA5D8B06885AEC052  ,1,EA          ,1.8,KG         ,CAD          ,16,52,25,3,CM      
74867AD200E41EDBA5D8B06B26EF0052,HT-1065   ,PR       ,Keyboards                                 ,74867AD200E41EDBA5D8B06885CF2052  ,74867AD200E41EDBA5D8B06885AEE052  ,1,EA          ,2.3,KG         ,CHF          ,26,51.4,23,4,CM      
74867AD200E41EDBA5D8B06B26EF2052,HT-1066   ,PR       ,Mousepads                                 ,74867AD200E41EDBA5D8B06885CF6052  ,74867AD200E41EDBA5D8B06885AF0052  ,1,EA          ,80,G          ,USD          ,6.99,15,6,0.2,CM      
74867AD200E41EDBA5D8B06B26EF4052,HT-1067   ,PR       ,Mousepads                                 ,74867AD200E41EDBA5D8B06885CFA052  ,74867AD200E41EDBA5D8B06885AF2052  ,1,EA          ,80,G          ,EUR          ,8.99,15,6,0.2,CM      
74867AD200E41EDBA5D8B06B26EF6052,HT-1068   ,PR       ,Mousepads                                 ,74867AD200E41EDBA5D8B06885CFE052  ,74867AD200E41EDBA5D8B06885AF4052  ,1,EA          ,90,G          ,USD          ,12.99,24,24,0.6,CM      
74867AD200E41EDBA5D8B06B26EF8052,HT-1069   ,PR       ,Computer System Accessories               ,74867AD200E41EDBA5D8B06885D02052  ,74867AD200E41EDBA5D8B06885AF6052  ,1,EA          ,45,G          ,JPY          ,14,6,6,3,CM      
74867AD200E41EDBA5D8B06B26EFA052,HT-1070   ,PR       ,Graphic Cards                             ,74867AD200E41EDBA5D8B06885D06052  ,74867AD200E41EDBA5D8B06885AF8052  ,1,EA          ,0.255,KG         ,ARS          ,70.9,22,35,17,CM      
74867AD200E41EDBA5D8B06B26EFC052,HT-1071   ,PR       ,Graphic Cards                             ,74867AD200E41EDBA5D8B06885D0A052  ,74867AD200E41EDBA5D8B06885AFA052  ,1,EA          ,0.3,KG         ,ZAR          ,81.7,22,35,17,CM      
74867AD200E41EDBA5D8B06B26EFE052,HT-1072   ,PR       ,Graphic Cards                             ,74867AD200E41EDBA5D8B06885D0E052  ,74867AD200E41EDBA5D8B06885AFC052  ,1,EA          ,0.4,KG         ,USD          ,101.2,22,35,17,CM      
74867AD200E41EDBA5D8B06B26F00052,HT-1073   ,PR       ,Graphic Cards                             ,74867AD200E41EDBA5D8B06885D12052  ,74867AD200E41EDBA5D8B06885AFE052  ,1,EA          ,0.4,KG         ,EUR          ,139.99,22,35,17,CM      
74867AD200E41EDBA5D8B06B26F02052,HT-1080   ,PR       ,Scanners                                  ,74867AD200E41EDBA5D8B06885D16052  ,74867AD200E41EDBA5D8B06885B00052  ,1,EA          ,2.3,KG         ,INR          ,129,34,48,5,CM      
74867AD200E41EDBA5D8B06B26F04052,HT-1081   ,PR       ,Scanners                                  ,74867AD200E41EDBA5D8B06885D1A052  ,74867AD200E41EDBA5D8B06885B02052  ,1,EA          ,2.4,KG         ,PLN          ,89,31,43,7,CM      
74867AD200E41EDBA5D8B06B26F06052,HT-1082   ,PR       ,Scanners                                  ,74867AD200E41EDBA5D8B06885D1E052  ,74867AD200E41EDBA5D8B06885B04052  ,1,EA          ,3.2,KG         ,ARS          ,169,33,41,12,CM      
74867AD200E41EDBA5D8B06B26F08052,HT-1083   ,PR       ,Scanners                                  ,74867AD200E41EDBA5D8B06885D22052  ,74867AD200E41EDBA5D8B06885B06052  ,1,EA          ,3.2,KG         ,CNY          ,189,35,40,10,CM      
74867AD200E41EDBA5D8B06B26F0A052,HT-1085   ,PR       ,Multifunction Printers                    ,74867AD200E41EDBA5D8B06885D26052  ,74867AD200E41EDBA5D8B06885B08052  ,1,EA          ,23.2,KG         ,DKK          ,"1,499.00",45,42,22,CM      
74867AD200E41EDBA5D8B06B26F0C052,HT-1090   ,PR       ,Speakers                                  ,74867AD200E41EDBA5D8B06885D2A052  ,74867AD200E41EDBA5D8B06885B0A052  ,1,EA          ,3,KG         ,EUR          ,39,12,10,16,CM      
74867AD200E41EDBA5D8B06B26F0E052,HT-1091   ,PR       ,Speakers                                  ,74867AD200E41EDBA5D8B06885D2E052  ,74867AD200E41EDBA5D8B06885AB2052  ,1,EA          ,1.4,KG         ,EUR          ,26,13,11,17.5,CM      
74867AD200E41EDBA5D8B06B26F10052,HT-1092   ,PR       ,Speakers                                  ,74867AD200E41EDBA5D8B06885D32052  ,74867AD200E41EDBA5D8B06885AB4052  ,1,EA          ,2.1,KG         ,EUR          ,45,12.4,10.4,18.1,CM      
74867AD200E41EDBA5D8B06B26F12052,HT-1100   ,PR       ,Software                                  ,74867AD200E41EDBA5D8B06885D36052  ,74867AD200E41EDBA5D8B06885AB6052  ,1,EA          ,1.2,KG         ,USD          ,89.9,15,6.5,2.1,CM      
74867AD200E41EDBA5D8B06B26F14052,HT-1101   ,PR       ,Software                                  ,74867AD200E41EDBA5D8B06885D3A052  ,74867AD200E41EDBA5D8B06885AB8052  ,1,EA          ,0.8,KG         ,EUR          ,79.9,14,6.7,24,CM      
74867AD200E41EDBA5D8B06B26F16052,HT-1102   ,PR       ,Software                                  ,74867AD200E41EDBA5D8B06885D3E052  ,74867AD200E41EDBA5D8B06885ABA052  ,1,EA          ,0.8,KG         ,USD          ,69,16,6,27,CM      
74867AD200E41EDBA5D8B06B26F18052,HT-1103   ,PR       ,Software                                  ,74867AD200E41EDBA5D8B06885D42052  ,74867AD200E41EDBA5D8B06885ABC052  ,1,EA          ,0.8,KG         ,EUR          ,77,11,3.4,22,CM      
74867AD200E41EDBA5D8B06B26F1A052,HT-1104   ,PR       ,Software                                  ,74867AD200E41EDBA5D8B06885D46052  ,74867AD200E41EDBA5D8B06885ABE052  ,1,EA          ,1.1,KG         ,JPY          ,55,10,3,30,CM      
74867AD200E41EDBA5D8B06B26F1C052,HT-1105   ,PR       ,Software                                  ,74867AD200E41EDBA5D8B06885D4A052  ,74867AD200E41EDBA5D8B06885AC0052  ,1,EA          ,0.7,KG         ,EUR          ,29,16,4,21,CM      
74867AD200E41EDBA5D8B06B26F1E052,HT-1106   ,PR       ,Software                                  ,74867AD200E41EDBA5D8B06885D4E052  ,74867AD200E41EDBA5D8B06885AC2052  ,1,EA          ,0.9,KG         ,MXN          ,34,17.9,4.2,23.1,CM      
74867AD200E41EDBA5D8B06B26F20052,HT-1107   ,PR       ,Software                                  ,74867AD200E41EDBA5D8B06885D52052  ,74867AD200E41EDBA5D8B06885AC4052  ,1,EA          ,0.5,KG         ,ARS          ,29.9,12,1.5,19,CM      
74867AD200E41EDBA5D8B06B26F22052,HT-1110   ,PR       ,Computer System Accessories               ,74867AD200E41EDBA5D8B06885D56052  ,74867AD200E41EDBA5D8B06885AC6052  ,1,EA          ,0.03,KG         ,USD          ,8.9,20,8,4.3,CM      
74867AD200E41EDBA5D8B06B26F24052,HT-1111   ,PR       ,Computer System Accessories               ,74867AD200E41EDBA5D8B06885D5A052  ,74867AD200E41EDBA5D8B06885AC8052  ,1,EA          ,0.02,KG         ,EUR          ,6.9,31,9,7,CM      
74867AD200E41EDBA5D8B06B26F26052,HT-1112   ,PR       ,Computer System Accessories               ,74867AD200E41EDBA5D8B06885D5E052  ,74867AD200E41EDBA5D8B06885ACA052  ,1,EA          ,0.075,KG         ,GBP          ,39,9,8.2,1.3,CM      
74867AD200E41EDBA5D8B06B26F28052,HT-1113   ,PR       ,Computer System Accessories               ,74867AD200E41EDBA5D8B06885D62052  ,74867AD200E41EDBA5D8B06885ACC052  ,1,EA          ,0.05,KG         ,EUR          ,2.3,2,2,0.1,CM      
74867AD200E41EDBA5D8B06B26F2A052,HT-1114   ,PR       ,Computer System Accessories               ,74867AD200E41EDBA5D8B06885D66052  ,74867AD200E41EDBA5D8B06885ACE052  ,1,EA          ,1.8,KG         ,USD          ,31,42,32,7,CM      
74867AD200E41EDBA5D8B06B26F2C052,HT-1115   ,PR       ,Telecommunications                        ,74867AD200E41EDBA5D8B06885D6A052  ,74867AD200E41EDBA5D8B06885AD0052  ,1,EA          ,0.45,KG         ,CAD          ,49,19.3,18,5,CM      
74867AD200E41EDBA5D8B06B26F2E052,HT-1116   ,PR       ,Telecommunications                        ,74867AD200E41EDBA5D8B06885D6E052  ,74867AD200E41EDBA5D8B06885AD2052  ,1,EA          ,0.45,KG         ,MXN          ,59,19.3,18,5,CM      
74867AD200E41EDBA5D8B06B26F30052,HT-1117   ,PR       ,Telecommunications                        ,74867AD200E41EDBA5D8B06885D72052  ,74867AD200E41EDBA5D8B06885AD4052  ,1,EA          ,0.45,KG         ,EUR          ,69,19.3,18,5,CM      
74867AD200E41EDBA5D8B06B26F32052,HT-1118   ,PR       ,Computer System Accessories               ,74867AD200E41EDBA5D8B06885D76052  ,74867AD200E41EDBA5D8B06885AD6052  ,1,EA          ,0.015,KG         ,ARS          ,35,1.5,8.7,1.2,CM      
74867AD200E41EDBA5D8B06B26F34052,HT-1120   ,PR       ,Keyboards                                 ,74867AD200E41EDBA5D8B06885D7A052  ,74867AD200E41EDBA5D8B06885AD8052  ,1,EA          ,1,KG         ,EUR          ,29,51.4,23,4,CM      
74867AD200E41EDBA5D8B06B26F36052,HT-1137   ,PR       ,Flat Screen Monitors                      ,74867AD200E41EDBA5D8B06885D7E052  ,74867AD200E41EDBA5D8B06885ADA052  ,1,EA          ,18,KG         ,RUB          ,"1,430.00",54,22,38,CM      
74867AD200E41EDBA5D8B06B26F38052,HT-1138   ,PR       ,Mice                                      ,74867AD200E41EDBA5D8B06885D82052  ,74867AD200E41EDBA5D8B06885ADC052  ,1,EA          ,0.02,KG         ,USD          ,23,0.3,0.5,1,CM      
74867AD200E41EDBA5D8B06B26F3A052,HT-1210   ,PR       ,PCs                                       ,74867AD200E41EDBA5D8B06885D86052  ,74867AD200E41EDBA5D8B06885ADE052  ,1,EA          ,2.3,KG         ,EUR          ,"2,399.00",28,31,43,CM      
74867AD200E41EDBA5D8B06B26F3C052,HT-1500   ,PR       ,Servers                                   ,74867AD200E41EDBA5D8B06885D8A052  ,74867AD200E41EDBA5D8B06885AE0052  ,1,EA          ,18,KG         ,EUR          ,"5,000.00",34,35,23,CM      
74867AD200E41EDBA5D8B06B26F3E052,HT-1501   ,PR       ,Servers                                   ,74867AD200E41EDBA5D8B06885D8E052  ,74867AD200E41EDBA5D8B06885AE2052  ,1,EA          ,25,KG         ,JPY          ,"15,000.00",29,30,27,CM      
74867AD200E41EDBA5D8B06B26F40052,HT-1502   ,PR       ,Servers                                   ,74867AD200E41EDBA5D8B06885D92052  ,74867AD200E41EDBA5D8B06885AE4052  ,1,EA          ,35,KG         ,EUR          ,"25,000.00",22,27.3,37,CM      
74867AD200E41EDBA5D8B06B26F42052,HT-6130   ,PR       ,Flat Screen TVs                           ,74867AD200E41EDBA5D8B06885D96052  ,74867AD200E41EDBA5D8B06885AE6052  ,1,EA          ,2.6,KG         ,EUR          ,"1,459.00",78,22.1,55,CM      
74867AD200E41EDBA5D8B06B26F44052,HT-6131   ,PR       ,Flat Screen TVs                           ,74867AD200E41EDBA5D8B06885D9A052  ,74867AD200E41EDBA5D8B06885AE8052  ,1,EA          ,2.2,KG         ,ARS          ,"1,199.00",99.1,26,61,CM      
74867AD200E41EDBA5D8B06B26F46052,HT-6132   ,PR       ,Flat Screen TVs                           ,74867AD200E41EDBA5D8B06885D9E052  ,74867AD200E41EDBA5D8B06885AEA052  ,1,EA          ,1.8,KG         ,BRL          ,899,128,23,79.1,CM      
74867AD200E41EDBA5D8B06B26F48052,HT-7030   ,PR       ,PDAs & Organizers                         ,74867AD200E41EDBA5D8B06885DA2052  ,74867AD200E41EDBA5D8B06885AEC052  ,1,EA          ,0.5,KG         ,CAD          ,549,8.1,13,12.1,CM      
74867AD200E41EDBA5D8B06B26F4A052,HT-7020   ,PR       ,PDAs & Organizers                         ,74867AD200E41EDBA5D8B06885DA6052  ,74867AD200E41EDBA5D8B06885AEE052  ,1,EA          ,0.5,KG         ,CHF          ,549,8.1,13,12.1,CM      
74867AD200E41EDBA5D8B06B26F4C052,HT-7010   ,PR       ,PDAs & Organizers                         ,74867AD200E41EDBA5D8B06885DAA052  ,74867AD200E41EDBA5D8B06885AF0052  ,1,EA          ,0.5,KG         ,USD          ,549,8.1,13,12.1,CM      
74867AD200E41EDBA5D8B06B26F4E052,HT-7000   ,PR       ,PDAs & Organizers                         ,74867AD200E41EDBA5D8B06885DAE052  ,74867AD200E41EDBA5D8B06885AF2052  ,1,EA          ,0.5,KG         ,EUR          ,549,8.1,13,12.1,CM      
74867AD200E41EDBA5D8B06B26F50052,HT-1095   ,PR       ,Headsets                                  ,74867AD200E41EDBA5D8B06885DB2052  ,74867AD200E41EDBA5D8B06885AF4052  ,1,EA          ,80,G          ,USD          ,49,24,19,23,CM      
74867AD200E41EDBA5D8B06B26F52052,HT-1096   ,PR       ,Headsets                                  ,74867AD200E41EDBA5D8B06885DB6052  ,74867AD200E41EDBA5D8B06885AF6052  ,1,EA          ,130,G          ,JPY          ,39,25,17,19,CM      
74867AD200E41EDBA5D8B06B26F54052,HT-1097   ,PR       ,Headsets                                  ,74867AD200E41EDBA5D8B06885DBA052  ,74867AD200E41EDBA5D8B06885AF8052  ,1,EA          ,60,G          ,ARS          ,29,21.3,2.4,19.7,CM      
74867AD200E41EDBA5D8B06B26F56052,HT-6123   ,PR       ,MP3 Players                               ,74867AD200E41EDBA5D8B06885DBE052  ,74867AD200E41EDBA5D8B06885AFA052  ,1,EA          ,267,G          ,ZAR          ,299,4,6,0.8,CM      
74867AD200E41EDBA5D8B06B26F58052,HT-6122   ,PR       ,MP3 Players                               ,74867AD200E41EDBA5D8B06885DC2052  ,74867AD200E41EDBA5D8B06885AFC052  ,1,EA          ,266,G          ,USD          ,167,5.1,8,9.2,CM      
74867AD200E41EDBA5D8B06B26F5A052,HT-6121   ,PR       ,MP3 Players                               ,74867AD200E41EDBA5D8B06885DC6052  ,74867AD200E41EDBA5D8B06885AFE052  ,1,EA          ,134,G          ,EUR          ,63,5.1,8,9.2,CM      
74867AD200E41EDBA5D8B06B26F5C052,HT-6120   ,PR       ,MP3 Players                               ,74867AD200E41EDBA5D8B06885DCA052  ,74867AD200E41EDBA5D8B06885B00052  ,1,EA          ,134,G          ,INR          ,45,1.5,6,1,CM      
74867AD200E41EDBA5D8B06B26F5E052,HT-6111   ,PR       ,Portable Players                          ,74867AD200E41EDBA5D8B06885DCE052  ,74867AD200E41EDBA5D8B06885B02052  ,1,EA          ,3.1,KG         ,PLN          ,288,38,26,6.2,CM      
74867AD200E41EDBA5D8B06B26F60052,HT-6110   ,PR       ,Portable Players                          ,74867AD200E41EDBA5D8B06885DD2052  ,74867AD200E41EDBA5D8B06885B04052  ,1,EA          ,2.4,KG         ,ARS          ,130,37,24,6,CM      
74867AD200E41EDBA5D8B06B26F62052,HT-6102   ,PR       ,Projectors                                ,74867AD200E41EDBA5D8B06885DD6052  ,74867AD200E41EDBA5D8B06885B06052  ,1,EA          ,2.5,KG         ,CNY          ,889,30.4,23.1,23,CM      
74867AD200E41EDBA5D8B06B26F64052,HT-6101   ,PR       ,Projectors                                ,74867AD200E41EDBA5D8B06885DDA052  ,74867AD200E41EDBA5D8B06885B08052  ,1,EA          ,2,KG         ,DKK          ,679,30.4,23.1,23,CM      
74867AD200E41EDBA5D8B06B26F66052,HT-2002   ,PR       ,Portable Players                          ,74867AD200E41EDBA5D8B06885DDE052  ,74867AD200E41EDBA5D8B06885B0A052  ,1,EA          ,0.72,KG         ,EUR          ,853.99,21,16.5,14,CM      
74867AD200E41EDBA5D8B06B26F68052,HT-6100   ,PR       ,Projectors                                ,74867AD200E41EDBA5D8B06885DE2052  ,74867AD200E41EDBA5D8B06885AB2052  ,1,EA          ,1.7,KG         ,EUR          ,469,30.4,23.1,23,CM      
74867AD200E41EDBA5D8B06B26F6A052,HT-2027   ,PR       ,Computer System Accessories               ,74867AD200E41EDBA5D8B06885DE6052  ,74867AD200E41EDBA5D8B06885AB4052  ,1,EA          ,0.15,KG         ,EUR          ,8.99,5.5,2,2,CM      
74867AD200E41EDBA5D8B06B26F6C052,HT-2026   ,PR       ,Computer System Accessories               ,74867AD200E41EDBA5D8B06885DEA052  ,74867AD200E41EDBA5D8B06885AB6052  ,1,EA          ,0.2,KG         ,USD          ,29.99,21,10.2,13,CM      
74867AD200E41EDBA5D8B06B26F6E052,HT-2025   ,PR       ,Computer System Accessories               ,74867AD200E41EDBA5D8B06885DEE052  ,74867AD200E41EDBA5D8B06885AB8052  ,1,EA          ,0.65,KG         ,EUR          ,44.99,13,13,20,CM      
74867AD200E41EDBA5D8B06B26F70052,HT-2001   ,PR       ,Portable Players                          ,74867AD200E41EDBA5D8B06885DF2052  ,74867AD200E41EDBA5D8B06885ABA052  ,1,EA          ,0.84,KG         ,USD          ,449.99,24,19.5,29,CM      
74867AD200E41EDBA5D8B06B26F72052,HT-2000   ,PR       ,Portable Players                          ,74867AD200E41EDBA5D8B06885DF6052  ,74867AD200E41EDBA5D8B06885ABC052  ,1,EA          ,0.79,KG         ,EUR          ,249.99,21.4,19,27.6,CM      
74867AD200E41EDBA5D8B06B26F74052,HT-1603   ,PR       ,PCs                                       ,74867AD200E41EDBA5D8B06885DFA052  ,74867AD200E41EDBA5D8B06885ABE052  ,1,EA          ,6.8,KG         ,JPY          ,"1,700.00",27,28,42,CM      
74867AD200E41EDBA5D8B06B26F76052,HT-1602   ,PR       ,PCs                                       ,74867AD200E41EDBA5D8B06885DFE052  ,74867AD200E41EDBA5D8B06885AC0052  ,1,EA          ,5.9,KG         ,EUR          ,"1,200.00",26.5,34,47,CM      
74867AD200E41EDBA5D8B06B26F78052,HT-1601   ,PR       ,PCs                                       ,74867AD200E41EDBA5D8B06885E02052  ,74867AD200E41EDBA5D8B06885AC2052  ,1,EA          ,5.3,KG         ,MXN          ,900,25,31.7,40.2,CM      
74867AD200E41EDBA5D8B06B26F7A052,HT-1600   ,PR       ,PCs                                       ,74867AD200E41EDBA5D8B06885E06052  ,74867AD200E41EDBA5D8B06885AC4052  ,1,EA          ,4.8,KG         ,ARS          ,600,21.4,29,38,CM      
74867AD200E41EDBA5D8B06B26F7C052,HT-1119   ,PR       ,Computer System Accessories               ,74867AD200E41EDBA5D8B06885E0A052  ,74867AD200E41EDBA5D8B06885AC6052  ,1,EA          ,88,G          ,USD          ,79,2,3.1,3.9,CM      
74867AD200E41EDBA5D8B06B26F7E052,HT-8000   ,PR       ,Notebooks                                 ,74867AD200E41EDBA5D8B06885E0E052  ,74867AD200E41EDBA5D8B06885AC8052  ,1,EA          ,4,KG         ,EUR          ,799,31,19,3.1,CM      
74867AD200E41EDBA5D8B06B26F80052,HT-8001   ,PR       ,Notebooks                                 ,74867AD200E41EDBA5D8B06885E12052  ,74867AD200E41EDBA5D8B06885ACA052  ,1,EA          ,4.2,KG         ,GBP          ,999,32,20,3.4,CM      
74867AD200E41EDBA5D8B06B26F82052,HT-8002   ,PR       ,Notebooks                                 ,74867AD200E41EDBA5D8B06885E16052  ,74867AD200E41EDBA5D8B06885ACC052  ,1,EA          ,3.5,KG         ,EUR          ,"1,199.00",38,21,4.1,CM      
74867AD200E41EDBA5D8B06B26F84052,HT-8003   ,PR       ,Notebooks                                 ,74867AD200E41EDBA5D8B06885E1A052  ,74867AD200E41EDBA5D8B06885ACE052  ,1,EA          ,3.8,KG         ,USD          ,"1,388.00",48,31,4.5,CM      
74867AD200E41EDBA5D8B06B26F86052,PF-1000   ,AD       ,Computer System Accessories               ,74867AD200E41EDBA5D8B06885E1E052  ,74867AD200E41EDBA5D8B06885AD0052  ,1,EA          ,0.01,KG         ,CAD          ,0,46,30,3,CM      
74867AD200E41EDBA5D8B06B26F88052,HT-9999   ,PR       ,Tablets                                   ,74867AD200E41EDBA5D8B06885E22052  ,74867AD200E41EDBA5D8B06885AD2052  ,1,EA          ,3.8,KG         ,MXN          ,749,48,31,4.5,CM      
74867AD200E41EDBA5D8B06B26F8A052,HT-9998   ,PR       ,Smartphones                               ,74867AD200E41EDBA5D8B06885E26052  ,74867AD200E41EDBA5D8B06885AD4052  ,1,EA          ,0.75,KG         ,EUR          ,699,48,31,4.5,CM      
74867AD200E41EDBA5D8B06B26F8C052,HT-9997   ,PR       ,Tablets                                   ,74867AD200E41EDBA5D8B06885E2A052  ,74867AD200E41EDBA5D8B06885AD6052  ,1,EA          ,3.8,KG         ,ARS          ,633,48,31,4.5,CM      
74867AD200E41EDBA5D8B06B26F8E052,HT-9996   ,PR       ,Accessories                               ,74867AD200E41EDBA5D8B06885E2E052  ,74867AD200E41EDBA5D8B06885AD8052  ,1,EA          ,0.03,KG         ,EUR          ,20,25,40,4.5,CM      
74867AD200E41EDBA5D8B06B26F90052,HT-9995   ,PR       ,Accessories                               ,74867AD200E41EDBA5D8B06885E32052  ,74867AD200E41EDBA5D8B06885ADA052  ,1,EA          ,0.02,KG         ,RUB          ,15,48,31,4.5,CM      
74867AD200E41EDBA5D8B06B26F92052,HT-9994   ,PR       ,Camcorders                                ,74867AD200E41EDBA5D8B06B26B22052  ,74867AD200E41EDBA5D8B06885ADC052  ,1,EA          ,3.8,KG         ,USD          ,"1,388.00",48,31,27,CM      
74867AD200E41EDBA5D8B06B26F94052,HT-9993   ,PR       ,Tablets                                   ,74867AD200E41EDBA5D8B06B26B26052  ,74867AD200E41EDBA5D8B06885ADE052  ,1,EA          ,3.8,KG         ,EUR          ,833,48,31,4.5,CM      
74867AD200E41EDBA5D8B06B26F96052,HT-9992   ,PR       ,Smartphones                               ,74867AD200E41EDBA5D8B06B26B2A052  ,74867AD200E41EDBA5D8B06885AE0052  ,1,EA          ,0.75,KG         ,EUR          ,599,48,31,4.5,CM      
74867AD200E41EDBA5D8B06B26F98052,HT-9991   ,PR       ,Accessories                               ,74867AD200E41EDBA5D8B06B26B2E052  ,74867AD200E41EDBA5D8B06885AE2052  ,1,EA          ,0.02,KG         ,JPY          ,25,48,31,4.5,CM      
74867AD200E41EDBA5D8B06B26F9A052,HT-1251   ,PR       ,Notebooks                                 ,74867AD200E41EDBA5D8B06B26B32052  ,74867AD200E41EDBA5D8B06885AE4052  ,1,EA          ,4.2,KG         ,EUR          ,989,30,18,3,CM      
74867AD200E41EDBA5D8B06B26F9C052,HT-1252   ,PR       ,Smartphones                               ,74867AD200E41EDBA5D8B06B26B36052  ,74867AD200E41EDBA5D8B06885AE6052  ,1,EA          ,0.75,KG         ,EUR          ,649,8,6,1.5,CM      
74867AD200E41EDBA5D8B06B26F9E052,HT-1253   ,PR       ,Notebooks                                 ,74867AD200E41EDBA5D8B06B26B3A052  ,74867AD200E41EDBA5D8B06885AE8052  ,1,EA          ,4.2,KG         ,ARS          ,976,30,18,3,CM      
74867AD200E41EDBA5D8B06B26FA0052,HT-1254   ,PR       ,Flat Screen Monitors                      ,74867AD200E41EDBA5D8B06B26B3E052  ,74867AD200E41EDBA5D8B06885AEA052  ,1,EA          ,15,KG         ,BRL          ,250,37,12,36,CM      
74867AD200E41EDBA5D8B06B26FA2052,HT-1255   ,PR       ,Flat Screen Monitors                      ,74867AD200E41EDBA5D8B06B26B42052  ,74867AD200E41EDBA5D8B06885AEC052  ,1,EA          ,16,KG         ,CAD          ,270,39,12,38,CM      
74867AD200E41EDBA5D8B06B26FA4052,HT-1256   ,PR       ,Smartphones                               ,74867AD200E41EDBA5D8B06B26B46052  ,74867AD200E41EDBA5D8B06885AEE052  ,1,EA          ,0.75,KG         ,CHF          ,549,9,15,1.5,CM      
74867AD200E41EDBA5D8B06B26FA6052,HT-1257   ,PR       ,Tablets                                   ,74867AD200E41EDBA5D8B06B26B4A052  ,74867AD200E41EDBA5D8B06885AF0052  ,1,EA          ,2.8,KG         ,USD          ,549,48,31,4.5,CM      
74867AD200E41EDBA5D8B06B26FA8052,HT-1258   ,PR       ,Tablets                                   ,74867AD200E41EDBA5D8B06B26B4E052  ,74867AD200E41EDBA5D8B06885AF2052  ,1,EA          ,2.5,KG         ,EUR          ,529,38,21,3.5,CM      